﻿{
  "LayoutName": "Melty Standard",
  "BackgroundColor": "#FF00008B",
  "WindowHeight": 100,
  "WindowWidth": 960,
  "OverlayHeight": 42,
  "RoundNameWidth": 235,
  "OutsideOverlayMargin": 95,
  "WinsWidth": 50,
  "PlayerFont": "Segoe UI Black",
  "PlayerFontColor": "#FFFFFFFF",
  "PlayerFontSize": 18,
  "PlayerFontBolded": false,
  "PlayerFontItalicized": false,
  "WinsFont": "Segoe UI Black",
  "WinsFontColor": "#FFFFFFFF",
  "WinsFontSize": 18,
  "WinsFontBolded": false,
  "WinsFontItalicized": false,
  "RoundFont": "Segoe UI Black",
  "RoundFontColor": "#FFFFFFFF",
  "RoundFontSize": 14,
  "RoundFontBolded": false,
  "RoundFontItalicized": false,
  "ImageName": "overlay0.png",
  "DisplayWins": true,
  "DisplayRound": true
}